{
    "loss": 17.88081932067871,
    "accuracy": 0.44939324259757996
}